<?xml version="1.0"?>

<!DOCTYPE weblogic-ejb-jar PUBLIC '-//BEA Systems, Inc.//DTD WebLogic 5.1.0 EJB//EN' 'http://www.bea.com/servers/wls510/dtd/weblogic-ejb-jar.dtd'>

<weblogic-ejb-jar>
    <weblogic-enterprise-bean>
      <ejb-name>Account</ejb-name>
      <caching-descriptor>
	<max-beans-in-cache>1000</max-beans-in-cache>
      </caching-descriptor>
      <persistence-descriptor>
 	<persistence-type>
	  <type-identifier>WebLogic_CMP_RDBMS</type-identifier>
	  <type-version>5.1.0</type-version>
	  <type-storage>META-INF/weblogic-cmp-rdbms-jar.xml</type-storage>
	</persistence-type>
	<persistence-use>
	  <type-identifier>WebLogic_CMP_RDBMS</type-identifier>
	  <type-version>5.1.0</type-version>
	</persistence-use>
      </persistence-descriptor>
      <jndi-name>server.IAccountHome</jndi-name>
    </weblogic-enterprise-bean>

    <weblogic-enterprise-bean>
      <ejb-name>Product</ejb-name>
      <caching-descriptor>
	<max-beans-in-cache>1000</max-beans-in-cache>
      </caching-descriptor>
      <persistence-descriptor>
 	<persistence-type>
	  <type-identifier>WebLogic_CMP_RDBMS</type-identifier>
	  <type-version>5.1.0</type-version>
	  <type-storage>META-INF/weblogic-cmp-rdbms-jar1.xml</type-storage>
	</persistence-type>
	<persistence-use>
	  <type-identifier>WebLogic_CMP_RDBMS</type-identifier>
	  <type-version>5.1.0</type-version>
	</persistence-use>
      </persistence-descriptor>
      <jndi-name>server.IProductHome</jndi-name>
    </weblogic-enterprise-bean>

    <weblogic-enterprise-bean>
      <ejb-name>ConfirmSession</ejb-name>
      <caching-descriptor>
	<max-beans-in-cache>100</max-beans-in-cache>
      </caching-descriptor>
      <jndi-name>client.ConfirmHome</jndi-name>
    </weblogic-enterprise-bean>

    <weblogic-enterprise-bean>
      <ejb-name>QuotationSession</ejb-name>
      <caching-descriptor>
	<max-beans-in-cache>100</max-beans-in-cache>
      </caching-descriptor>
      <jndi-name>server.QuotationHome</jndi-name>
    </weblogic-enterprise-bean>

    <weblogic-enterprise-bean>
      <ejb-name>CatalogSession</ejb-name>
      <caching-descriptor>
	<max-beans-in-cache>100</max-beans-in-cache>
      </caching-descriptor>
      <jndi-name>server.CatalogHome</jndi-name>
    </weblogic-enterprise-bean>
  </weblogic-ejb-jar>
